{"velocity": 0, "rel_alti": 0, "in_timestamp": 10.336400032043457, "out_timestamp": 10.349900245666504, "bmp_pres": 99517.265625, "bmp_temp": 12.013322830200195, "ina_Curr": 119.80000305175781, "ina_Voltage": 12.315999984741211, "mpu_mag_x": -19.615646362304688, "mpu_mag_y": 47.11421585083008, "mpu_mag_z": 17.157466888427734, "mpu_accel_x": -0.01416015625, "mpu_accel_y": -1.01220703125, "mpu_accel_z": 0.044189453125, "mpu_gyro_x": -1.2359619140625, "mpu_gyro_y": -0.67138671875, "mpu_gyro_z": 0.4425048828125, "fsw_state": 1, "payload_released": 0, "drogue_released": 0, "parachute_released": 0, "time": "14:15:07"}
